{
  "best_global_step": null,
  "best_metric": null,
  "best_model_checkpoint": null,
  "epoch": 9.0,
  "eval_steps": 500,
  "global_step": 72,
  "is_hyper_param_search": false,
  "is_local_process_zero": true,
  "is_world_process_zero": true,
  "log_history": [
    {
      "epoch": 1.2580645161290323,
      "grad_norm": 0.5742494463920593,
      "learning_rate": 0.0001775,
      "loss": 2.2207,
      "step": 10
    },
    {
      "epoch": 2.5161290322580645,
      "grad_norm": 0.6082921624183655,
      "learning_rate": 0.0001525,
      "loss": 2.141,
      "step": 20
    },
    {
      "epoch": 3.774193548387097,
      "grad_norm": 0.6794571876525879,
      "learning_rate": 0.0001275,
      "loss": 2.0702,
      "step": 30
    },
    {
      "epoch": 5.0,
      "grad_norm": 0.8802269697189331,
      "learning_rate": 0.0001025,
      "loss": 2.0273,
      "step": 40
    },
    {
      "epoch": 6.258064516129032,
      "grad_norm": 0.6739223003387451,
      "learning_rate": 7.75e-05,
      "loss": 1.9788,
      "step": 50
    },
    {
      "epoch": 7.516129032258064,
      "grad_norm": 0.7671973705291748,
      "learning_rate": 5.25e-05,
      "loss": 1.9661,
      "step": 60
    },
    {
      "epoch": 8.774193548387096,
      "grad_norm": 0.7654425501823425,
      "learning_rate": 2.7500000000000004e-05,
      "loss": 1.9445,
      "step": 70
    }
  ],
  "logging_steps": 10,
  "max_steps": 80,
  "num_input_tokens_seen": 0,
  "num_train_epochs": 10,
  "save_steps": 500,
  "stateful_callbacks": {
    "TrainerControl": {
      "args": {
        "should_epoch_stop": false,
        "should_evaluate": false,
        "should_log": false,
        "should_save": true,
        "should_training_stop": false
      },
      "attributes": {}
    }
  },
  "total_flos": 1668223909232640.0,
  "train_batch_size": 4,
  "trial_name": null,
  "trial_params": null
}
